,Company,Model,Year,Price in Lak,Fuel,Kilometer,City,EMIstarts
0,BMW,3 Series,2020,43.75,Diesel,"9,300",Delhi,"₹72,654"
1,Maruti,Suzuki Ciaz,2016,6.4,Petrol,"37,065",Mumbai,"₹10,628"
2,Hyundai,Aura S,2021,7.75,CNG,"23,000",Mumbai,"₹12,870"
3,Maruti,Suzuki Swift,2018,5.8,Diesel,"28,851",Kolkata,"₹9,631"
4,Toyota,Corolla Altis,2016,11.5,Petrol,"62,000",Delhi,"₹19,097"
5,Audi,Q3 2,2013,10.65,Diesel,"83,000",Mohali,"₹17,686"
6,Honda,Amaze 1,2013,4.25,Diesel,"79,500",Pune,
7,Tata,Tigor Revotron,2017,4.75,Petrol,"47,323",Agra,"₹7,888"
8,Toyota,Etios,2013,4.25,Petrol,"51,602",Pune,"₹7,057"
9,Skoda,Rapid 1,2015,5.5,Petrol,"34,559",Pune,"₹9,133"
10,Hyundai,Grand i10,2019,5.25,Petrol,"44,620",Delhi,"₹8,718"
11,Honda,Amaze 1,2017,5.35,Petrol,"58,235",Delhi,
12,Ford,Endeavour Titanium,2017,,Diesel,"71,788",Hyderabad,
13,Hyundai,i20 Magna,2013,3.75,Petrol,"79,289",Kanpur,"₹6,227"
14,MINI,Cooper,2021,,Petrol,"11,725",Mumbai,"₹69,748"
15,Honda,City VX,2016,7.9,Petrol,"68,085",Pune,"₹13,119"
16,Volkswagen,Ameo Highline1,2018,6.9,Diesel,"74,290",Pune,"₹11,458"
17,Maruti,Suzuki Celerio,2022,5.95,Petrol,"12,290",Pune,"₹9,880"
18,Maruti,Suzuki Wagon,2018,4.75,CNG,"89,739",Pune,"₹7,888"
19,Maruti,Suzuki Ciaz,2017,8.25,Petrol,"41,468",Delhi,
20,Maruti,Suzuki Alto,2014,2.65,CNG,"65,952",Delhi,"₹4,400"
21,Honda,City 1,2014,5.78,Petrol,"47,554",Delhi,"₹9,598"
22,Mahindra,XUV500 W8,2013,6.58,Diesel,"58,865",Jamshedpur,"₹10,927"
23,Mercedes,Benz C,2019,,Petrol,"15,971",Mumbai,"₹64,766"
24,Honda,City V,2018,9.2,Petrol,"22,117",Mumbai,"₹15,278"
25,Hyundai,Creta SX,2018,11.9,Petrol,"50,824",Mumbai,"₹19,761"
26,Maruti,Suzuki Swift,2019,5.8,Petrol,"58,595",Delhi,"₹9,631"
27,Maruti,Suzuki Vitara,2019,8.7,Diesel,"44,091",Pune,"₹14,447"
28,Hyundai,Verna Fluidic,2014,5.5,Diesel,"79,649",Pune,"₹9,133"
29,Hyundai,Verna Fluidic,2013,5.7,Diesel,"79,592",Lucknow,"₹9,465"
30,Hyundai,Verna 1,2018,7.5,Petrol,"16,339",Kolkata,"₹12,455"
31,Maruti,Suzuki Wagon,2015,3.85,Petrol,"55,488",Lucknow,"₹6,393"
32,Honda,Amaze 1,2014,3.95,Petrol,"66,000",Noida,"₹6,559"
33,Maruti,Suzuki Ciaz,2017,6.75,Petrol,"73,402",Pune,"₹11,209"
34,Honda,Amaze 1,2014,3.95,Petrol,"65,636",Pune,"₹6,559"
35,Jeep,Compass Limited,2017,16.75,Diesel,"37,430",Hyderabad,"₹27,816"
36,Maruti,Suzuki Ciaz,2016,5.3,Diesel,"75,000",Ambala Cantt,"₹8,801"
37,Honda,Jazz V,2016,6.29,Petrol,"62,500",Hubli,"₹10,445"
38,Volkswagen,Vento Highline,2021,11.5,Petrol,"13,286",Mumbai,"₹19,097"
39,Skoda,Octavia 2,2018,,Diesel,"60,000",Chennai,"₹38,195"
40,Toyota,Etios,2013,4.25,Petrol,"51,602",Pune,"₹7,057"
41,Skoda,Rapid 1,2015,5.5,Petrol,"34,559",Pune,"₹9,133"
42,Hyundai,Grand i10,2019,5.25,Petrol,"44,620",Delhi,"₹8,718"
43,Honda,Amaze 1,2017,5.35,Petrol,"58,235",Delhi,
44,Ford,Endeavour Titanium,2017,,Diesel,"71,788",Hyderabad,
45,Hyundai,i20 Magna,2013,3.75,Petrol,"79,289",Kanpur,"₹6,227"
46,Maruti,Suzuki Ciaz,2017,8.25,Petrol,"41,468",Delhi,
47,Maruti,Suzuki Alto,2014,2.65,CNG,"65,952",Delhi,"₹4,400"
48,Honda,City 1,2014,5.78,Petrol,"47,554",Delhi,"₹9,598"
49,Mahindra,XUV500 W8,2013,6.58,Diesel,"58,865",Jamshedpur,"₹10,927"
50,Mercedes,Benz C,2019,,Petrol,"15,971",Mumbai,"₹64,766"
51,Honda,City V,2018,9.2,Petrol,"22,117",Mumbai,"₹15,278"
52,Hyundai,Creta SX,2018,11.9,Petrol,"50,824",Mumbai,"₹19,761"
53,MINI,Cooper,2021,,Petrol,"11,725",Mumbai,"₹69,748"
54,Volkswagen,Ameo Highline1,2018,6.9,Diesel,"74,290",Pune,"₹11,458"
55,Maruti,Suzuki Celerio,2022,5.95,Petrol,"12,290",Pune,"₹9,880"
56,Maruti,Suzuki Wagon,2018,4.75,CNG,"89,739",Pune,"₹7,888"
57,Honda,City VX,2016,7.9,Petrol,"68,085",Pune,"₹13,119"
58,Maruti,Suzuki Vitara,2019,8.7,Diesel,"44,091",Pune,"₹14,447"
59,Hyundai,Verna Fluidic,2014,5.5,Diesel,"79,649",Pune,"₹9,133"
60,Hyundai,Verna Fluidic,2013,5.7,Diesel,"79,592",Lucknow,"₹9,465"
61,Maruti,Suzuki Swift,2019,5.8,Petrol,"58,595",Delhi,"₹9,631"
62,Hyundai,Grand i10,2018,4.75,Petrol,"40,699",Lucknow,"₹7,888"
63,Renault,Kwid RXT,2021,4.15,Petrol,"3,436",Kanpur,"₹6,891"
64,Renault,Duster 110,2015,6.25,Diesel,"61,000",Navi Mumbai,"₹10,379"
65,Hyundai,Creta 1,2016,10.75,Diesel,"43,000",Mumbai,"₹17,852"
66,Mercedes,Benz C,2013,13.5,Diesel,"80,000",Lucknow,"₹22,419"
67,Mercedes,Benz GLC,2018,42.5,Diesel,"27,500",Mumbai,"₹70,578"
68,Hyundai,Venue SX,2020,11.5,Diesel,"29,455",Hyderabad,"₹19,097"
69,Renault,Duster 110,2014,4.25,Diesel,"74,000",Lucknow,"₹7,057"
70,Maruti,Suzuki Ertiga,2016,8.25,Diesel,"67,000",Navi Mumbai,"₹13,700"
71,Maruti,Suzuki Swift,2016,4.85,Petrol,"44,000",Mumbai,"₹8,054"
72,Toyota,Etios,2013,4.25,Petrol,"51,602",Pune,"₹7,057"
73,Skoda,Rapid 1,2015,5.5,Petrol,"34,559",Pune,"₹9,133"
74,Hyundai,Grand i10,2019,5.25,Petrol,"44,620",Delhi,"₹8,718"
75,Honda,Amaze 1,2017,5.35,Petrol,"58,235",Delhi,
76,Ford,Endeavour Titanium,2017,,Diesel,"71,788",Hyderabad,
77,Hyundai,i20 Magna,2013,3.75,Petrol,"79,289",Kanpur,"₹6,227"
78,Honda,City VX,2016,7.9,Petrol,"68,085",Pune,"₹13,119"
79,Volkswagen,Ameo Highline1,2018,6.9,Diesel,"74,290",Pune,"₹11,458"
80,Maruti,Suzuki Celerio,2022,5.95,Petrol,"12,290",Pune,"₹9,880"
81,Maruti,Suzuki Wagon,2018,4.75,CNG,"89,739",Pune,"₹7,888"
82,Mercedes,Benz C,2019,,Petrol,"15,971",Mumbai,"₹64,766"
83,Honda,City V,2018,9.2,Petrol,"22,117",Mumbai,"₹15,278"
84,Hyundai,Creta SX,2018,11.9,Petrol,"50,824",Mumbai,"₹19,761"
85,Mahindra,XUV500 W8,2013,6.58,Diesel,"58,865",Jamshedpur,"₹10,927"
86,Maruti,Suzuki Ciaz,2017,8.25,Petrol,"41,468",Delhi,
87,Maruti,Suzuki Alto,2014,2.65,CNG,"65,952",Delhi,"₹4,400"
88,Honda,City 1,2014,5.78,Petrol,"47,554",Delhi,"₹9,598"
89,MINI,Cooper,2021,,Petrol,"11,725",Mumbai,"₹69,748"
90,Maruti,Suzuki Vitara,2019,8.7,Diesel,"44,091",Pune,"₹14,447"
91,Maruti,Suzuki Swift,2019,5.8,Petrol,"58,595",Delhi,"₹9,631"
92,Hyundai,Verna Fluidic,2013,5.7,Diesel,"79,592",Lucknow,"₹9,465"
93,Hyundai,Verna Fluidic,2014,5.5,Diesel,"79,649",Pune,"₹9,133"
94,Renault,Kwid RXT,2021,4.15,Petrol,"3,436",Kanpur,"₹6,891"
95,Hyundai,Verna 1,2018,7.5,Petrol,"16,339",Kolkata,"₹12,455"
96,Maruti,Suzuki Celerio,2014,3.5,Petrol,"93,000",Panchkula,"₹5,812"
97,Skoda,Superb Sportline,2021,34.9,Petrol,"47,000",Pune,"₹57,957"
98,Honda,City VX,2016,7.25,Diesel,"82,000",Jaipur,"₹12,039"
99,Honda,City V,2015,6.5,Petrol,"98,000",Panchkula,"₹10,794"
100,Mercedes,Benz C,2018,33.75,Petrol,"30,000",Delhi,"₹56,047"
101,Mercedes,Benz A,2022,43.99,Diesel,"15,037",Pune,"₹73,044"
102,Maruti,Suzuki Ertiga,2021,11.55,CNG,"27,000",Delhi,
103,Mercedes,Benz C,2013,16.75,Diesel,"27,361",Bangalore,"₹27,816"
104,Toyota,Etios,2013,4.25,Petrol,"51,602",Pune,"₹7,057"
105,Skoda,Rapid 1,2015,5.5,Petrol,"34,559",Pune,"₹9,133"
106,Hyundai,Grand i10,2019,5.25,Petrol,"44,620",Delhi,"₹8,718"
107,Honda,Amaze 1,2017,5.35,Petrol,"58,235",Delhi,
108,Ford,Endeavour Titanium,2017,,Diesel,"71,788",Hyderabad,
109,Hyundai,i20 Magna,2013,3.75,Petrol,"79,289",Kanpur,"₹6,227"
110,Maruti,Suzuki Alto,2014,2.65,CNG,"65,952",Delhi,"₹4,400"
111,Honda,City 1,2014,5.78,Petrol,"47,554",Delhi,"₹9,598"
112,Maruti,Suzuki Ciaz,2017,8.25,Petrol,"41,468",Delhi,
113,Mahindra,XUV500 W8,2013,6.58,Diesel,"58,865",Jamshedpur,"₹10,927"
114,Mercedes,Benz C,2019,,Petrol,"15,971",Mumbai,"₹64,766"
115,Honda,City V,2018,9.2,Petrol,"22,117",Mumbai,"₹15,278"
116,Hyundai,Creta SX,2018,11.9,Petrol,"50,824",Mumbai,"₹19,761"
117,Honda,City VX,2016,7.9,Petrol,"68,085",Pune,"₹13,119"
118,Volkswagen,Ameo Highline1,2018,6.9,Diesel,"74,290",Pune,"₹11,458"
119,Maruti,Suzuki Celerio,2022,5.95,Petrol,"12,290",Pune,"₹9,880"
120,Maruti,Suzuki Wagon,2018,4.75,CNG,"89,739",Pune,"₹7,888"
121,MINI,Cooper,2021,,Petrol,"11,725",Mumbai,"₹69,748"
122,Hyundai,Verna Fluidic,2013,5.7,Diesel,"79,592",Lucknow,"₹9,465"
123,Hyundai,Verna Fluidic,2014,5.5,Diesel,"79,649",Pune,"₹9,133"
124,Maruti,Suzuki Vitara,2019,8.7,Diesel,"44,091",Pune,"₹14,447"
125,Maruti,Suzuki Swift,2019,5.8,Petrol,"58,595",Delhi,"₹9,631"
126,Maruti,Suzuki Wagon,2015,3.85,Petrol,"55,488",Lucknow,"₹6,393"
127,Maruti,Suzuki Vitara,2017,6.7,Diesel,"78,184",Delhi,"₹11,126"
128,Mercedes,Benz S,2017,,Diesel,"11,900",Vadodara,₹1.31 L
129,Audi,A5 Sportback,2018,38.9,Diesel,"32,001",Vadodara,"₹64,600"
130,Maruti,Suzuki Ciaz,2017,5.9,Petrol,"26,654",Mumbai,"₹9,797"
131,Hyundai,Grand i10,2017,4.4,Petrol,"23,000",Mumbai,"₹7,306"
132,Maruti,Suzuki Wagon,2016,4.5,Petrol + 1,"60,000",Ahmedabad,"₹7,473"
133,Maruti,Suzuki Celerio,2016,,Petrol,"34,585",Pune,"₹8,303"
134,Audi,A7 Sportback,2014,,Diesel,"32,000",Mumbai,"₹36,534"
135,Audi,R8 5,2013,1.1,Petrol,"10,000",Delhi,₹1.83 L
136,Toyota,Etios,2013,4.25,Petrol,"51,602",Pune,"₹7,057"
137,Skoda,Rapid 1,2015,5.5,Petrol,"34,559",Pune,"₹9,133"
138,Hyundai,Grand i10,2019,5.25,Petrol,"44,620",Delhi,"₹8,718"
139,Honda,Amaze 1,2017,5.35,Petrol,"58,235",Delhi,
140,Ford,Endeavour Titanium,2017,,Diesel,"71,788",Hyderabad,
141,Hyundai,i20 Magna,2013,3.75,Petrol,"79,289",Kanpur,"₹6,227"
142,Maruti,Suzuki Alto,2014,2.65,CNG,"65,952",Delhi,"₹4,400"
143,Honda,City 1,2014,5.78,Petrol,"47,554",Delhi,"₹9,598"
144,Maruti,Suzuki Ciaz,2017,8.25,Petrol,"41,468",Delhi,
145,Mahindra,XUV500 W8,2013,6.58,Diesel,"58,865",Jamshedpur,"₹10,927"
146,Mercedes,Benz C,2019,,Petrol,"15,971",Mumbai,"₹64,766"
147,Honda,City V,2018,9.2,Petrol,"22,117",Mumbai,"₹15,278"
148,Hyundai,Creta SX,2018,11.9,Petrol,"50,824",Mumbai,"₹19,761"
149,Honda,City VX,2016,7.9,Petrol,"68,085",Pune,"₹13,119"
150,Volkswagen,Ameo Highline1,2018,6.9,Diesel,"74,290",Pune,"₹11,458"
151,Maruti,Suzuki Celerio,2022,5.95,Petrol,"12,290",Pune,"₹9,880"
152,Maruti,Suzuki Wagon,2018,4.75,CNG,"89,739",Pune,"₹7,888"
153,MINI,Cooper,2021,,Petrol,"11,725",Mumbai,"₹69,748"
154,Hyundai,Verna Fluidic,2013,5.7,Diesel,"79,592",Lucknow,"₹9,465"
155,Hyundai,Verna Fluidic,2014,5.5,Diesel,"79,649",Pune,"₹9,133"
156,Maruti,Suzuki Vitara,2019,8.7,Diesel,"44,091",Pune,"₹14,447"
157,Maruti,Suzuki Swift,2019,5.8,Petrol,"58,595",Delhi,"₹9,631"
158,Maruti,Suzuki Wagon,2015,3.85,Petrol,"55,488",Lucknow,"₹6,393"
159,Maruti,Suzuki Vitara,2017,6.7,Diesel,"78,184",Delhi,"₹11,126"
160,Maruti,Suzuki Swift,2015,4.59,Petrol,"9,511",Mumbai,"₹7,622"
161,Volkswagen,Jetta Trendline,2014,4.95,Petrol,"42,000",Mumbai,"₹8,220"
162,Maruti,Suzuki Ciaz,2017,5.9,Petrol,"26,654",Mumbai,"₹9,797"
163,Tata,Tiago Revotron,2020,5.25,Petrol,"34,000",Mumbai,"₹8,718"
164,Hyundai,Elite i20,2016,6.2,Petrol,"43,447",Pune,"₹10,296"
165,Tata,Tiago Revotorq,2019,5.85,Diesel,"81,325",Nashik,"₹9,714"
166,Mahindra,Scorpio-N,2022,16.25,Petrol,"1,000",Delhi,"₹26,985"
167,Chevrolet,Enjoy 1,2013,5.7,Diesel,"39,000",Chennai,"₹9,465"
168,Toyota,Etios,2013,4.25,Petrol,"51,602",Pune,"₹7,057"
169,Skoda,Rapid 1,2015,5.5,Petrol,"34,559",Pune,"₹9,133"
170,Hyundai,Grand i10,2019,5.25,Petrol,"44,620",Delhi,"₹8,718"
171,Honda,Amaze 1,2017,5.35,Petrol,"58,235",Delhi,
172,Ford,Endeavour Titanium,2017,,Diesel,"71,788",Hyderabad,
173,Hyundai,i20 Magna,2013,3.75,Petrol,"79,289",Kanpur,"₹6,227"
174,Maruti,Suzuki Alto,2014,2.65,CNG,"65,952",Delhi,"₹4,400"
175,Honda,City 1,2014,5.78,Petrol,"47,554",Delhi,"₹9,598"
176,Maruti,Suzuki Ciaz,2017,8.25,Petrol,"41,468",Delhi,
177,Mahindra,XUV500 W8,2013,6.58,Diesel,"58,865",Jamshedpur,"₹10,927"
178,Mercedes,Benz C,2019,,Petrol,"15,971",Mumbai,"₹64,766"
179,Honda,City V,2018,9.2,Petrol,"22,117",Mumbai,"₹15,278"
180,Hyundai,Creta SX,2018,11.9,Petrol,"50,824",Mumbai,"₹19,761"
181,Honda,City VX,2016,7.9,Petrol,"68,085",Pune,"₹13,119"
182,Volkswagen,Ameo Highline1,2018,6.9,Diesel,"74,290",Pune,"₹11,458"
183,Maruti,Suzuki Celerio,2022,5.95,Petrol,"12,290",Pune,"₹9,880"
184,Maruti,Suzuki Wagon,2018,4.75,CNG,"89,739",Pune,"₹7,888"
185,MINI,Cooper,2021,,Petrol,"11,725",Mumbai,"₹69,748"
186,Hyundai,Verna Fluidic,2013,5.7,Diesel,"79,592",Lucknow,"₹9,465"
187,Hyundai,Verna Fluidic,2014,5.5,Diesel,"79,649",Pune,"₹9,133"
188,Maruti,Suzuki Vitara,2019,8.7,Diesel,"44,091",Pune,"₹14,447"
189,Maruti,Suzuki Swift,2019,5.8,Petrol,"58,595",Delhi,"₹9,631"
190,Maruti,Suzuki Wagon,2015,3.85,Petrol,"55,488",Lucknow,"₹6,393"
191,Maruti,Suzuki Vitara,2017,6.7,Diesel,"78,184",Delhi,"₹11,126"
192,Tata,Tiago Revotorq,2019,5.85,Diesel,"81,325",Nashik,"₹9,714"
193,Maruti,Suzuki Wagon,2020,5.95,Petrol,"4,700",Mumbai,"₹9,880"
194,Skoda,Kodiaq Style,2017,,Diesel,"1,03",Hyderabad,"₹41,516"
195,Jeep,Compass Limited,2019,15.95,Petrol,"42,000",Mumbai,"₹26,487"
196,Volkswagen,Vento Highline,2018,7.9,Diesel,"1,11",Mumbai,"₹13,119"
197,Audi,Q5 2,2016,,Diesel,"76,569",Bangalore,"₹51,480"
198,MG,ZS EV,2020,,Electric,"68,894",Mumbai,"₹31,552"
199,Maruti,Suzuki Swift,2017,6.25,Diesel,"32,000",Mumbai,"₹10,379"
200,Toyota,Etios,2013,4.25,Petrol,"51,602",Pune,"₹7,057"
201,Skoda,Rapid 1,2015,5.5,Petrol,"34,559",Pune,"₹9,133"
202,Hyundai,Grand i10,2019,5.25,Petrol,"44,620",Delhi,"₹8,718"
203,Honda,Amaze 1,2017,5.35,Petrol,"58,235",Delhi,
204,Ford,Endeavour Titanium,2017,,Diesel,"71,788",Hyderabad,
205,Hyundai,i20 Magna,2013,3.75,Petrol,"79,289",Kanpur,"₹6,227"
206,Maruti,Suzuki Ciaz,2017,8.25,Petrol,"41,468",Delhi,
207,Maruti,Suzuki Alto,2014,2.65,CNG,"65,952",Delhi,"₹4,400"
208,Honda,City 1,2014,5.78,Petrol,"47,554",Delhi,"₹9,598"
209,Mahindra,XUV500 W8,2013,6.58,Diesel,"58,865",Jamshedpur,"₹10,927"
210,Mercedes,Benz C,2019,,Petrol,"15,971",Mumbai,"₹64,766"
211,Honda,City V,2018,9.2,Petrol,"22,117",Mumbai,"₹15,278"
212,Hyundai,Creta SX,2018,11.9,Petrol,"50,824",Mumbai,"₹19,761"
213,MINI,Cooper,2021,,Petrol,"11,725",Mumbai,"₹69,748"
214,Volkswagen,Ameo Highline1,2018,6.9,Diesel,"74,290",Pune,"₹11,458"
215,Maruti,Suzuki Celerio,2022,5.95,Petrol,"12,290",Pune,"₹9,880"
216,Maruti,Suzuki Wagon,2018,4.75,CNG,"89,739",Pune,"₹7,888"
217,Honda,City VX,2016,7.9,Petrol,"68,085",Pune,"₹13,119"
218,Maruti,Suzuki Vitara,2019,8.7,Diesel,"44,091",Pune,"₹14,447"
219,Hyundai,Verna Fluidic,2014,5.5,Diesel,"79,649",Pune,"₹9,133"
220,Hyundai,Verna Fluidic,2013,5.7,Diesel,"79,592",Lucknow,"₹9,465"
221,Maruti,Suzuki Swift,2019,5.8,Petrol,"58,595",Delhi,"₹9,631"
222,Hyundai,Grand i10,2018,4.75,Petrol,"40,699",Lucknow,"₹7,888"
223,Renault,Kwid RXT,2021,4.15,Petrol,"3,436",Kanpur,"₹6,891"
224,Maruti,Suzuki Alto,2014,2.65,CNG,"65,952",Delhi,"₹4,400"
225,MG,Hector Sharp,2019,17.9,Petrol,"42,046",Gurgaon,
226,BMW,5 Series,2011,12.95,Diesel,"56,000",Mumbai,
227,MG,Gloster Savvy,2022,,Diesel,"1,175",Hyderabad,"₹78,051"
228,Audi,A5 Sportback,2018,38.9,Diesel,"32,001",Vadodara,"₹64,600"
229,Maruti,Suzuki Wagon,2022,6.65,CNG,"4,000",Delhi,"₹11,043"
230,Volkswagen,Ameo Comfortline,2017,5.75,Diesel,"69,525",Ranga Reddy,"₹9,548"
231,Honda,Jazz VX,2015,5.25,Petrol,"53,261",Mumbai,"₹8,718"
232,Toyota,Etios,2013,4.25,Petrol,"51,602",Pune,"₹7,057"
233,Skoda,Rapid 1,2015,5.5,Petrol,"34,559",Pune,"₹9,133"
234,Hyundai,Grand i10,2019,5.25,Petrol,"44,620",Delhi,"₹8,718"
235,Honda,Amaze 1,2017,5.35,Petrol,"58,235",Delhi,
236,Ford,Endeavour Titanium,2017,,Diesel,"71,788",Hyderabad,
237,Hyundai,i20 Magna,2013,3.75,Petrol,"79,289",Kanpur,"₹6,227"
238,Hyundai,Grand i10,2018,4.75,Petrol,"40,699",Lucknow,"₹7,888"
239,Maruti,Suzuki Baleno,2018,8.45,Petrol,"21,369",Bangalore,"₹14,032"
240,Maruti,Suzuki Swift,2020,7.59,Petrol,"50,670",Bangalore,"₹12,604"
241,Ford,EcoSport Titanium,2017,7.49,Petrol,"52,295",Bangalore,"₹12,438"
242,Maruti,Suzuki Swift,2018,6.99,Petrol,"22,952",Bangalore,"₹11,608"
243,Hyundai,Creta SX,2016,10.49,Petrol,"62,355",Bangalore,"₹17,420"
244,Hyundai,Elite i20,2019,7.99,Petrol,"61,897",Bangalore,"₹13,268"
245,Honda,Jazz S,2015,5.98,Petrol,"34,279",Bangalore,"₹9,930"
246,Tata,Harrier XZ,2019,16.55,Diesel,"20,936",Bangalore,"₹27,484"
247,Maruti,Suzuki Celerio,2016,4.79,Petrol,"57,076",Bangalore,"₹7,954"
248,Ford,Endeavour Trend,2016,23.99,Diesel,"97,593",Bangalore,"₹39,839"
249,Maruti,Suzuki Ciaz,2017,8.25,Petrol,"41,468",Delhi,
250,Honda,City 1,2014,5.78,Petrol,"47,554",Delhi,"₹9,598"
251,Mahindra,XUV500 W8,2013,6.58,Diesel,"58,865",Jamshedpur,"₹10,927"
252,Honda,City V,2018,9.2,Petrol,"22,117",Mumbai,"₹15,278"
253,Hyundai,Creta SX,2018,11.9,Petrol,"50,824",Mumbai,"₹19,761"
254,Mercedes,Benz C,2019,,Petrol,"15,971",Mumbai,"₹64,766"
255,BMW,X3 xDrive,2018,,Diesel,"63,584",Pune,"₹79,712"
256,Jeep,Compass Limited,2017,13.75,Petrol,"54,351",Mumbai,"₹22,834"
257,Maruti,Suzuki Ertiga,2016,8.25,Diesel,"67,000",Navi Mumbai,"₹13,700"
258,Maruti,Suzuki S,2016,6.5,Diesel,"75,000",Kanpur,
259,Hyundai,Creta 1,2016,10.35,Diesel,"77,158",Bangalore,
260,Mahindra,XUV500 W11,2018,15.95,Diesel,"54,154",Lucknow,
261,Maruti,Suzuki Ertiga,2020,10.85,Petrol,"5,000",Mumbai,"₹18,018"
262,Tata,Tiago Revotron,2020,5.25,Petrol,"34,000",Mumbai,"₹8,718"
263,Toyota,Etios,2013,4.25,Petrol,"51,602",Pune,"₹7,057"
264,Skoda,Rapid 1,2015,5.5,Petrol,"34,559",Pune,"₹9,133"
265,Hyundai,Grand i10,2019,5.25,Petrol,"44,620",Delhi,"₹8,718"
266,Honda,Amaze 1,2017,5.35,Petrol,"58,235",Delhi,
267,Ford,Endeavour Titanium,2017,,Diesel,"71,788",Hyderabad,
268,Hyundai,i20 Magna,2013,3.75,Petrol,"79,289",Kanpur,"₹6,227"
269,Honda,City VX,2016,7.9,Petrol,"68,085",Pune,"₹13,119"
270,Volkswagen,Ameo Highline1,2018,6.9,Diesel,"74,290",Pune,"₹11,458"
271,Maruti,Suzuki Celerio,2022,5.95,Petrol,"12,290",Pune,"₹9,880"
272,Maruti,Suzuki Wagon,2018,4.75,CNG,"89,739",Pune,"₹7,888"
273,Mercedes,Benz C,2019,,Petrol,"15,971",Mumbai,"₹64,766"
274,Honda,City V,2018,9.2,Petrol,"22,117",Mumbai,"₹15,278"
275,Hyundai,Creta SX,2018,11.9,Petrol,"50,824",Mumbai,"₹19,761"
276,Mahindra,XUV500 W8,2013,6.58,Diesel,"58,865",Jamshedpur,"₹10,927"
277,Maruti,Suzuki Ciaz,2017,8.25,Petrol,"41,468",Delhi,
278,Maruti,Suzuki Alto,2014,2.65,CNG,"65,952",Delhi,"₹4,400"
279,Honda,City 1,2014,5.78,Petrol,"47,554",Delhi,"₹9,598"
280,MINI,Cooper,2021,,Petrol,"11,725",Mumbai,"₹69,748"
281,Maruti,Suzuki Vitara,2019,8.7,Diesel,"44,091",Pune,"₹14,447"
282,Maruti,Suzuki Swift,2019,5.8,Petrol,"58,595",Delhi,"₹9,631"
283,Hyundai,Verna Fluidic,2013,5.7,Diesel,"79,592",Lucknow,"₹9,465"
284,Hyundai,Verna Fluidic,2014,5.5,Diesel,"79,649",Pune,"₹9,133"
285,Renault,Kwid RXT,2021,4.15,Petrol,"3,436",Kanpur,"₹6,891"
286,Hyundai,Verna 1,2018,7.5,Petrol,"16,339",Kolkata,"₹12,455"
287,Tata,Zest XM,2018,4.99,Diesel,"51,478",Ranchi,"₹8,286"
288,Audi,A3 35,2018,24.75,Petrol,"24,500",Mumbai,"₹41,101"
289,Renault,Duster 110,2014,4.25,Diesel,"74,000",Lucknow,"₹7,057"
290,Renault,Triber RXZ,2020,5.81,Petrol,"17,396",Kolkata,"₹9,648"
291,Hyundai,Venue SX,2020,,Petrol,"23,000",Haldwani,
292,Volkswagen,Virtus Topline,2022,17.5,Petrol,"7,500",Hyderabad,"₹29,061"
293,Skoda,Octavia R,2019,,Petrol,"54,000",Chennai,"₹46,498"
294,Audi,Q3 35,2015,18.5,Diesel,"72,500",Mumbai,"₹30,722"
295,Toyota,Etios,2013,4.25,Petrol,"51,602",Pune,"₹7,057"
296,Skoda,Rapid 1,2015,5.5,Petrol,"34,559",Pune,"₹9,133"
297,Hyundai,Grand i10,2019,5.25,Petrol,"44,620",Delhi,"₹8,718"
298,Honda,Amaze 1,2017,5.35,Petrol,"58,235",Delhi,
299,Ford,Endeavour Titanium,2017,,Diesel,"71,788",Hyderabad,
300,Hyundai,i20 Magna,2013,3.75,Petrol,"79,289",Kanpur,"₹6,227"
301,Maruti,Suzuki Alto,2014,2.65,CNG,"65,952",Delhi,"₹4,400"
302,Honda,City 1,2014,5.78,Petrol,"47,554",Delhi,"₹9,598"
303,Maruti,Suzuki Ciaz,2017,8.25,Petrol,"41,468",Delhi,
304,Mahindra,XUV500 W8,2013,6.58,Diesel,"58,865",Jamshedpur,"₹10,927"
305,Mercedes,Benz C,2019,,Petrol,"15,971",Mumbai,"₹64,766"
306,Honda,City V,2018,9.2,Petrol,"22,117",Mumbai,"₹15,278"
307,Hyundai,Creta SX,2018,11.9,Petrol,"50,824",Mumbai,"₹19,761"
308,Honda,City VX,2016,7.9,Petrol,"68,085",Pune,"₹13,119"
309,Volkswagen,Ameo Highline1,2018,6.9,Diesel,"74,290",Pune,"₹11,458"
310,Maruti,Suzuki Celerio,2022,5.95,Petrol,"12,290",Pune,"₹9,880"
311,Maruti,Suzuki Wagon,2018,4.75,CNG,"89,739",Pune,"₹7,888"
312,MINI,Cooper,2021,,Petrol,"11,725",Mumbai,"₹69,748"
313,Hyundai,Verna Fluidic,2013,5.7,Diesel,"79,592",Lucknow,"₹9,465"
314,Hyundai,Verna Fluidic,2014,5.5,Diesel,"79,649",Pune,"₹9,133"
315,Maruti,Suzuki Vitara,2019,8.7,Diesel,"44,091",Pune,"₹14,447"
316,Maruti,Suzuki Swift,2019,5.8,Petrol,"58,595",Delhi,"₹9,631"
317,Maruti,Suzuki Wagon,2015,3.85,Petrol,"55,488",Lucknow,"₹6,393"
318,Maruti,Suzuki Vitara,2017,6.7,Diesel,"78,184",Delhi,"₹11,126"
319,MG,Hector Sharp,2019,17.9,Petrol,"42,046",Gurgaon,
320,Maruti,Suzuki Swift,2018,5.8,Diesel,"28,851",Kolkata,"₹9,631"
321,Honda,City V,2018,,Petrol,"47,200",Kolkata,"₹11,624"
322,Mercedes,Benz GLE,2016,49.5,Diesel,"16,000",Delhi,"₹82,203"
323,Honda,City V,2018,9.2,Petrol,"22,117",Mumbai,"₹15,278"
324,Datsun,GO T,2019,3.45,Petrol,"60,969",Ranchi,"₹5,729"
325,Toyota,Commuter HiAce,2014,,Diesel,"65,000",Ludhiana,"₹51,480"
326,Hyundai,i10 Magna,2009,1.65,Petrol,"55,000",Lucknow,
327,Toyota,Etios,2013,4.25,Petrol,"51,602",Pune,"₹7,057"
328,Skoda,Rapid 1,2015,5.5,Petrol,"34,559",Pune,"₹9,133"
329,Hyundai,Grand i10,2019,5.25,Petrol,"44,620",Delhi,"₹8,718"
330,Honda,Amaze 1,2017,5.35,Petrol,"58,235",Delhi,
331,Ford,Endeavour Titanium,2017,,Diesel,"71,788",Hyderabad,
332,Hyundai,i20 Magna,2013,3.75,Petrol,"79,289",Kanpur,"₹6,227"
333,MINI,Cooper,2021,,Petrol,"11,725",Mumbai,"₹69,748"
334,Honda,City VX,2016,7.9,Petrol,"68,085",Pune,"₹13,119"
335,Volkswagen,Ameo Highline1,2018,6.9,Diesel,"74,290",Pune,"₹11,458"
336,Maruti,Suzuki Celerio,2022,5.95,Petrol,"12,290",Pune,"₹9,880"
337,Maruti,Suzuki Wagon,2018,4.75,CNG,"89,739",Pune,"₹7,888"
338,Maruti,Suzuki Ciaz,2017,8.25,Petrol,"41,468",Delhi,
339,Maruti,Suzuki Alto,2014,2.65,CNG,"65,952",Delhi,"₹4,400"
340,Honda,City 1,2014,5.78,Petrol,"47,554",Delhi,"₹9,598"
341,Mahindra,XUV500 W8,2013,6.58,Diesel,"58,865",Jamshedpur,"₹10,927"
342,Mercedes,Benz C,2019,,Petrol,"15,971",Mumbai,"₹64,766"
343,Hyundai,Creta SX,2018,11.9,Petrol,"50,824",Mumbai,"₹19,761"
344,Maruti,Suzuki Swift,2019,5.8,Petrol,"58,595",Delhi,"₹9,631"
345,Maruti,Suzuki Vitara,2019,8.7,Diesel,"44,091",Pune,"₹14,447"
346,Hyundai,Verna Fluidic,2014,5.5,Diesel,"79,649",Pune,"₹9,133"
347,Hyundai,Verna Fluidic,2013,5.7,Diesel,"79,592",Lucknow,"₹9,465"
348,Hyundai,Verna 1,2018,7.5,Petrol,"16,339",Kolkata,"₹12,455"
349,Maruti,Suzuki Wagon,2015,3.85,Petrol,"55,488",Lucknow,"₹6,393"
350,Maruti,Suzuki Celerio,2014,3.5,Petrol,"93,000",Panchkula,"₹5,812"
351,Honda,City V,2015,6.5,Petrol,"98,000",Panchkula,"₹10,794"
352,Skoda,Superb L,2021,34.9,Petrol,"14,500",Pune,"₹57,957"
353,Hyundai,Xcent SX,2014,5.45,Petrol,"58,247",Mumbai,"₹9,050"
354,Maruti,Suzuki Swift,2017,6.25,Diesel,"32,000",Mumbai,"₹10,379"
355,Maruti,Suzuki Alto,2012,2.6,Petrol,"99,203",Hyderabad,
356,BMW,3 Series,2017,24.5,Diesel,"53,000",Mohali,"₹40,686"
357,BMW,5 Series,2017,32.95,Diesel,"56,500",Mumbai,
358,Toyota,Etios,2013,4.25,Petrol,"51,602",Pune,"₹7,057"
359,Skoda,Rapid 1,2015,5.5,Petrol,"34,559",Pune,"₹9,133"
360,Hyundai,Grand i10,2019,5.25,Petrol,"44,620",Delhi,"₹8,718"
361,Honda,Amaze 1,2017,5.35,Petrol,"58,235",Delhi,
362,Ford,Endeavour Titanium,2017,,Diesel,"71,788",Hyderabad,
363,Hyundai,i20 Magna,2013,3.75,Petrol,"79,289",Kanpur,"₹6,227"
364,Hyundai,Grand i10,2018,4.75,Petrol,"40,699",Lucknow,"₹7,888"
365,Maruti,Suzuki Baleno,2018,8.45,Petrol,"21,369",Bangalore,"₹14,032"
366,Maruti,Suzuki Swift,2020,7.59,Petrol,"50,670",Bangalore,"₹12,604"
367,Ford,EcoSport Titanium,2017,7.49,Petrol,"52,295",Bangalore,"₹12,438"
368,Maruti,Suzuki Swift,2018,6.99,Petrol,"22,952",Bangalore,"₹11,608"
369,Hyundai,Creta SX,2016,10.49,Petrol,"62,355",Bangalore,"₹17,420"
370,Hyundai,Elite i20,2019,7.99,Petrol,"61,897",Bangalore,"₹13,268"
371,Honda,Jazz S,2015,5.98,Petrol,"34,279",Bangalore,"₹9,930"
372,Tata,Harrier XZ,2019,16.55,Diesel,"20,936",Bangalore,"₹27,484"
373,Maruti,Suzuki Celerio,2016,4.79,Petrol,"57,076",Bangalore,"₹7,954"
374,Ford,Endeavour Trend,2016,23.99,Diesel,"97,593",Bangalore,"₹39,839"
375,Maruti,Suzuki Ciaz,2017,8.25,Petrol,"41,468",Delhi,
376,Honda,City 1,2014,5.78,Petrol,"47,554",Delhi,"₹9,598"
377,Maruti,Suzuki Alto,2014,2.65,CNG,"65,952",Delhi,"₹4,400"
378,Mahindra,XUV500 W8,2013,6.58,Diesel,"58,865",Jamshedpur,"₹10,927"
379,Honda,City V,2018,9.2,Petrol,"22,117",Mumbai,"₹15,278"
380,Hyundai,Creta SX,2018,11.9,Petrol,"50,824",Mumbai,"₹19,761"
381,Mercedes,Benz C,2019,,Petrol,"15,971",Mumbai,"₹64,766"
382,Honda,City V,2017,,Petrol,"56,468",Ahmedabad,"₹13,285"
383,Hyundai,Grand i10,2016,4.5,Petrol,"53,300",Pune,"₹7,473"
384,Maruti,Suzuki Baleno,2017,,Petrol,"68,294",Jamshedpur,"₹9,964"
385,Audi,Q5 2,2016,,Diesel,"76,569",Bangalore,"₹51,480"
386,Maruti,Suzuki Eeco,2018,4.5,CNG,"65,307",Delhi,"₹7,473"
387,Hyundai,Verna 1,2017,5.49,Petrol,"37,591",Kolkata,"₹9,117"
388,BMW,7 Series,2012,27.5,Diesel,"41,000",Mumbai,
389,Audi,A6 2,2014,15.5,Diesel,"1,01",Ahmedabad,"₹25,740"
390,Toyota,Etios,2013,4.25,Petrol,"51,602",Pune,"₹7,057"
391,Skoda,Rapid 1,2015,5.5,Petrol,"34,559",Pune,"₹9,133"
392,Hyundai,Grand i10,2019,5.25,Petrol,"44,620",Delhi,"₹8,718"
393,Honda,Amaze 1,2017,5.35,Petrol,"58,235",Delhi,
394,Ford,Endeavour Titanium,2017,,Diesel,"71,788",Hyderabad,
395,Hyundai,i20 Magna,2013,3.75,Petrol,"79,289",Kanpur,"₹6,227"
396,Maruti,Suzuki Alto,2014,2.65,CNG,"65,952",Delhi,"₹4,400"
397,Honda,City 1,2014,5.78,Petrol,"47,554",Delhi,"₹9,598"
398,Maruti,Suzuki Ciaz,2017,8.25,Petrol,"41,468",Delhi,
399,Mahindra,XUV500 W8,2013,6.58,Diesel,"58,865",Jamshedpur,"₹10,927"
400,Mercedes,Benz C,2019,,Petrol,"15,971",Mumbai,"₹64,766"
401,Honda,City V,2018,9.2,Petrol,"22,117",Mumbai,"₹15,278"
402,Hyundai,Creta SX,2018,11.9,Petrol,"50,824",Mumbai,"₹19,761"
403,Honda,City VX,2016,7.9,Petrol,"68,085",Pune,"₹13,119"
404,Volkswagen,Ameo Highline1,2018,6.9,Diesel,"74,290",Pune,"₹11,458"
405,Maruti,Suzuki Celerio,2022,5.95,Petrol,"12,290",Pune,"₹9,880"
406,Maruti,Suzuki Wagon,2018,4.75,CNG,"89,739",Pune,"₹7,888"
407,MINI,Cooper,2021,,Petrol,"11,725",Mumbai,"₹69,748"
408,Hyundai,Verna Fluidic,2013,5.7,Diesel,"79,592",Lucknow,"₹9,465"
409,Hyundai,Verna Fluidic,2014,5.5,Diesel,"79,649",Pune,"₹9,133"
410,Maruti,Suzuki Vitara,2019,8.7,Diesel,"44,091",Pune,"₹14,447"
411,Maruti,Suzuki Swift,2019,5.8,Petrol,"58,595",Delhi,"₹9,631"
412,Maruti,Suzuki Wagon,2015,3.85,Petrol,"55,488",Lucknow,"₹6,393"
413,Maruti,Suzuki Vitara,2017,6.7,Diesel,"78,184",Delhi,"₹11,126"
